<?xml version="1.0" encoding="UTF-8"?>
<project-private xmlns="http://www.netbeans.org/ns/project-private/1">
    <editor-bookmarks xmlns="http://www.netbeans.org/ns/editor-bookmarks/2" lastBookmarkId="0"/>
    <open-files xmlns="http://www.netbeans.org/ns/projectui-open-files/2">
        <group>
            <file>file:/home/naveen/NetBeansProjects/epam_task2/web/index.html</file>
            <file>file:/home/naveen/NetBeansProjects/epam_task2/src/java/Calculate.java</file>
            <file>file:/home/naveen/NetBeansProjects/epam_task2/web/WEB-INF/conf.xml</file>
        </group>
    </open-files>
</project-private>
